,padj,log2FoldChange
count,6094.0,6397.0
mean,0.29463858775350504,-0.10692786187512897
std,0.324070296946344,1.4045817362641668
min,1.7582790000000002e-206,-25.32855
25%,0.00665517875,-0.4741887
50%,0.149363,-0.001087425
75%,0.5536747,0.4166035
max,1.0,22.00286
